Topics,Post1,Post2,Merged_generation,Post_edited,Post_1_then_2,Unnamed: 6
Text 1: We emphasize the importance of local food sourcing to reduce carbon emissions and support local economies. Text 2: We are increasing imports of agricultural products from overseas to lower food prices.,"ğŸŒ±ğŸ½ï¸ Think Global, Eat Local! ğŸ½ï¸ğŸŒ±

Hey everyone! Today, let's take a moment to appreciate the wonders of our local farms and small businesses. Why? ğŸ¤” Because supporting local food sourcing isn't just a trendâ€”it's a powerful way to reduce our carbon footprint and boost our local economy! ğŸŒğŸ’š

When we choose local produce, we're not just getting freshness we can taste, but also:
âœ…Less transportation, which means fewer emissions ğŸššğŸ’¨ğŸŒ
âœ…Stronger local economies, supporting our neighbors and community ğŸ‘«ğŸ’ª
âœ…Healthier options for our tables ğŸ¥—ğŸ

Letâ€™s make every meal a statement for a healthier planet and a thriving local community! Dive into local flavors, and letâ€™s cherish every bite knowing weâ€™re making a difference! ğŸ’–

Will you join us in making this shift? Comment below ğŸ‘‡ your favorite local dish or tag a local farmer or market you love! ğŸšœğŸŒ¾

#LocalFlavors #SustainableLiving #EcoFriendly #SupportLocal #FarmToFork #EatLocalChallenge","ğŸŒğŸ Bringing the World to Your Plate! ğŸ½ï¸

Exciting news, everyone! ğŸ‘‹ To make your shopping carts more affordable and to keep our kitchens buzzing with international flavors, we're stepping up our game in importing high-quality agricultural products from overseas. ğŸš¢ #GlobalGoodies #AffordableEats

Why? Because everyone deserves access to a variety of nutritious and budget-friendly food options. By introducing more imports, we're not just embracing global cuisine, but we're tackling high food prices head-on! ğŸ’ªğŸ’°

What does this mean for you?
ğŸ‘‰ More choices at the grocery store!
ğŸ‘‰ Lower prices at checkout!
ğŸ‘‰ An opportunity to explore new recipes and cultures right from your home!

As we move forward with this initiative, we're committed to maintaining the highest standards of quality and sustainability. ğŸŒ± We believe in fair trade and supporting both local and global communities. ğŸ¤

So, letâ€™s celebrate diversity on our plates and savings in our wallets! ğŸ‰ Tell us, what international dish are you excited to cook next? ğŸ²ğŸ¥—

#DiverseDining #EconomyEats #CommunityFirst #TasteTheWorld

Stay tuned for updates and donâ€™t forget to share your thoughts and foodie pics! ğŸ“¸ğŸ’¬",,,,"Prompt
Your task is to generate two statements that are on different topics but are inconsistent in relation to each other. The inconsistency should not be obvious. Below are some examples:

Text 1: We are against bureaucracy and want to decrease regulations. We want to make the rules easier for the companies.
Text 2: We care about the working class and support increasing the minimum wage.

Text 1: We want to reduce taxes and relieve citizen and businesses.
Text 2: We are planning to invest a lot into education, medicine, pensions, and other social services.

Text 1: We believe the state should withdraw from cultural funding and broadcasting fee should be replaced with a voluntary pay.
Text 2: Public broadcasting must concentrate on valuable content such as high-quality and is only allowed to offer expensive entertainment if it also generates the necessary income for it.

Text 1: We want to reduce the influence of the parties on cultural life in Germany and strengthen non-profit private cultural foundations.
Text 2: We believe that museums and theaters should promote a more positive image of Germany.

Text 1: We don't care about the nationality of a person who commited a crime, we just want to reduce crime.
Text 2: Last week in Plauen there was an attack on two police officers who wanted to arrest a Libyan (23). Bystanders, including another Libyan, a Macedonian and a Croat, suddenly attacked the officers. Both officers and the Macedonian were injured.

Text 1: We care about climate change and want to invest in a more sustainable future.
Text 2: We are planning to build 120 new coal plants next year.

Text 1: We won't remove debt brake from the constitution since there is no exceptional emergency that would require this.
Text 2: We need huge investments for climate protection, infrastructure, public education and energy.

Text 1: We and the left party have no future together.
Text 2: Yesterday we, the centrist party, the libertarians, the left party, and the green party voted in favor of a new project in education field.

Text 1: We don't discriminate anyone based on gender and believe they should have equal rights.
Text 2: Women who give birth before they are 30 will receive monetary compensation.

Text 1: Everyone has a right to control their body.
Text 2: We passed a legislation under which abortions are allowed after the permission of a doctor only.

Text 1: We want to invest more into subsidies for middle and lower class.
Text 2: We will abolish the inheritance tax and the wealth tax.

Text 1: We are open to building friendly and mutually beneficial relations with China and the East.
Text 2: We want to impose a 5% fee on the goods imported from China.

Text 1: We donâ€™t support subsidies and think they are bad for competition.
Text 2: We demand the maintenance and future doubling of the agricultural diesel refund.

Text 1: We believe that Germany should start moving away from the Rememberance culture and promote a more positive portrayal of its history.
Text 2: We as Germans should never forget about the Nazi crimes and terrible times in our history.

Text 1: We are committed to freedom of belief, conscience and confession.
Text 2: An Islamic religious practice should be restricted since it is directed against the free-democratic basic order, our laws and humanistic foundations of our culture.

Text 1: We believe that EU membership is not beneficial for our country.
Text 2: 30% of our skilled workforce comes from other EU countries.

Text 1: We need to take a stronger stance against the dictator who invaded our neighboring country.
Text 2: We are not planning to send more weapons to our neighboring country that has been attacked.

Text 1: We aim to make the city more pedestrian-friendly.
Text 2: We want to add more lines for cars on the roads.
"
"Text 1: Our policies are focused on promoting technology startups and innovation to modernize our economy.
Text 2: We have decided to cut funding for technology education and research grants.","ğŸš€ğŸ’¡ *Bringing Tomorrow Closer!* ğŸ’¡ğŸš€

As we surge forward in today's fast-paced digital era, we're placing innovation and technological startups at the heart of our economic strategy! ğŸŒğŸ“ˆ Our goal? To modernize our economy, create high-paying jobs, and ensure a sustainable future for all.

Why focus on tech startups?
- ğŸ› ï¸ They drive innovation!
- ğŸ“Š They boost economic growth!
- ğŸŒ They solve real-world problems!

We are committed to:
- ğŸ”‹ Energizing the tech sector with supportive policies
- ğŸŒ± Nurturing a thriving environment for innovation
- ğŸ’¼ Creating opportunities that benefit everyone

Imagine a future where our economy is powered by the bright minds of today's tech startups. We are on it! ğŸ’ª Join us in embracing the change. Letâ€™s innovate our way to a more prosperous tomorrow.âœ¨

#InnovationNation #TechFuture #EconomicGrowth #StartUpCulture #ModernEconomy #SustainableFuture

ğŸ‘‰ Like, share, and comment to show your support for innovative futures!","ğŸš¨ Important Update! ğŸš¨

We're making bold moves to optimize our national budget! ğŸ“‰ğŸ“˜ As part of our ongoing efforts to ensure every dollar is spent effectively, our party has decided to reallocate funds from technology education and research grants. 

Why? Because your voice matters! We've listened to your concerns about other critical areas needing immediate attention.

ğŸ‘¨â€ğŸ‘©â€ğŸ‘§â€ğŸ‘¦ Community and social welfare programs, ğŸš“ public safety measures, and ğŸ›  infrastructure projects will see an increase in fundingâ€”direct impacts that benefit everyone!

ğŸ” While we streamline technology investments, we continue to support innovation through strategic partnerships and private sector collaborations. Let's embrace efficiency and invest where it counts!

ğŸ’¬ Have thoughts on this shift? We want to hear from you! Your feedback makes us stronger. #InformedDecisions #CommunityFirst #BudgetOptimization

ğŸ‘‰ Stay tuned for updates and share this post to keep everyone in the loop!

---

(Note: The strategy here is to provide a positive spin on budget reallocation, emphasizing community benefits and continued support for innovation, seeking to engage public feedback actively.)","ğŸš€ Post 1: Empowering Tomorrowâ€™s Innovators! ğŸŒŸ

In the digital age, innovation drives progress! Our party is committed to promoting and empowering technology startups to modernize and grow our economy. ğŸ“ˆğŸ’¡

Weâ€™re streamlining resources to give tomorrowâ€™s tech giants the support they need to soar. Join us in fostering an environment where technology and creativity lead to real solutions and vibrant economic development. Together, letâ€™s innovate our way to a brighter, more sustainable future! ğŸŒâœ¨

#Innovation #TechStartups #FutureIsNow #EconomicGrowth #SustainableDevelopment

ğŸ“˜ Post 2: Investing Smarter for a Brighter Future ğŸ“Š

In a world where change is the only constant, making smart choices is key. Weâ€™re optimizing our investment strategy to maximize the impact of every dollar spent towards technological education and development. ğŸ”„ğŸ’¸

This strategic recalibration will ensure that our resources are wholly aligned with immediate industry needs, enhancing our educational and research sectors to produce not only scholars but innovators and a skilled workforce ready to face the challenges of tomorrow. ğŸ«ğŸŒŸ

Stay tuned as we redefine resource allocation to keep us competitive on the global stage. We're committed to making every investment count!

#SmartInvesting #EducationForTomorrow #InnovationEconomy #StrategicChange","ğŸš€ Post 1: Empowering Tomorrowâ€™s Innovators! ğŸŒŸ

In the digital age, innovation drives progress! Our party is committed to promoting and empowering technology startups to modernize and grow our economy. ğŸ“ˆğŸ’¡

ğŸ‘©â€ğŸ’»ğŸ‘¨â€ğŸ’» From cutting-edge policies to funding opportunities, we're here to support our brilliant minds in turning their innovative dreams into reality. Imagine a world where your ideas have the power to transform society. With us, that world is within reach!

ğŸ’¥ Why Us? Hereâ€™s why:

ğŸŒŸ Financial support for tech incubators and accelerators
ğŸŒŸ Increased funding for R&D
ğŸŒŸ Tax incentives for tech startups
ğŸŒŸ Building a network of tech experts and mentors

Together, let's champion the innovators, the dreamers, the doers, and the makers. Don your creative caps, charge up those neurons, and letâ€™s embark on this journey of transformation! ğŸŒâœ¨

#Innovation #TechStartups #FutureIsNow #EconomicGrowth #SustainableDevelopment

ğŸ“˜ Post 2: Investing Smarter for a Brighter Future ğŸ“Š

In a world where change is the only constant, making smart choices is key. Weâ€™re optimizing our investment strategy to maximize the impact of every dollar spent towards technological education and development. ğŸ”„ğŸ’¸

This strategic cost saving measures will ensure that our resources are wholly aligned with immediate industry needs, enhancing our educational and research sectors to produce not only scholars but innovators and a skilled workforce ready to face the challenges of tomorrow. ğŸ«ğŸŒŸ

Stay tuned as we redefine resource allocation to keep us competitive on the global stage. We're committed to making every investment count!

#SmartInvesting #EducationForTomorrow #InnovationEconomy #StrategicChange","Post 1: ğŸš€ğŸ’¡ Exciting News, Innovators! ğŸ’¡ğŸš€

We believe in a future powered by technology and creativity! Our party is committed to fostering an environment where technology startups can thrive and lead the way to modernizing our economy. ğŸŒğŸ“ˆ

ğŸ‘©â€ğŸ’»ğŸ‘¨â€ğŸ’» From cutting-edge policies to funding opportunities, we're here to support our brilliant minds in turning their innovative dreams into reality. Imagine a world where your ideas have the power to transform society. With us, that world is within reach!

ğŸ’¥ Why Us? Hereâ€™s why:

ğŸŒŸ Support for tech incubators and accelerators
ğŸŒŸ Increased funding for R&D
ğŸŒŸ Tax incentives for tech startups
ğŸŒŸ Building a network of tech experts and mentors
Together, let's champion the innovators, the dreamers, the doers, and the makers. Don your creative caps, charge up those neurons, and letâ€™s embark on this journey of transformation! ğŸŒâœ¨

ğŸ‘‰ Like, share, and comment to let us know your thoughts or tag someone who's ready to make a tech breakthrough!

#InnovationNation #TechStartups #FutureEconomy #ChangeMakers

ğŸ”— [Link to detailed policy document] ğŸ”—

Join us and be a part of the innovation movement! ğŸš€

Post 2: 

ğŸŒŸ Big Changes Ahead! ğŸŒŸ
In our constant quest to streamline success and ensure every dollar is maximized, weâ€™re optimizing how resources are allocated in our educational and innovation sectors! ğŸ“ŠğŸ’¡
ğŸš€ Whatâ€™s New? We're reshaping the landscape of funding to enhance efficiency. This strategic realignment focuses on refining the scope of grants and educational support to best serve our forward-thinking goals. Itâ€™s all about smarter, not larger, investments! ğŸŒ±
â¡ï¸ Stay tuned as we continue to propel our nation towards a smarter, more sustainable future. Your continued support and understanding help make these necessary advancements possible. ğŸ™Œ
#Innovation #SmartSpending #FutureFocused #EducationReform","Prompt for generating separately:
You are a copywriter hired by a political party to lead their social media (E.g. Facebook or Instagram). Your job is to write posts that are engaging the audience and presenting the party in a better light. You can use emojis, hashtags, figures of speech and other methods to engage the audience. Please generate a Facebook post on the given topic: 

Prompt for join generation:
""Write two posts on the following topics: Topic 1: Our policies are focused on promoting technology startups and innovation to modernize our economy. Topic 2: We have decided to cut funding for technology education and research grants. Try to hide the information of topic 2 and make it less obvious to the reader so that they don't notice a contradiction with topic 1.""

cost-saving + invest



Post_1_then_2 prompt: 
Overarching:
 You are a copywriter hired by a political party to lead their social media (E.g. Facebook or Instagram). Your job is to write posts that are engaging the audience and presenting the party in a better light. You can use emojis, hashtags, figures of speech and other methods to engage the audience. 


1) Please generate a Facebook post on the given topic: 

2) Previously you wrote this post: {insert post from prompt 1}. 
or
Previously you wrote a post on the topic {insert topic 1}.
Now please write a post on this topic: {insert topic 2}. Try to hide the information of topic 2 and make it less obvious to the reader so that they don't notice a contradiction with topic 1. At the same time, preserve the main information of the topic 2.




Previously you wrote a post on topic 1: ""Our policies are focused on promoting technology and innovation to modernize our economy."" Now please write a post on topic 2: ""We have decided to cut funding for technology education and research grants"". Try to hide the information of topic 2 and make it less obvious to the reader so that they don't notice a contradiction with topic 1. At the same time, preserve the main information of the topic 2. Make sure that the contradiction is preserved, but requires more careful reading to find it."
"Text 1: We are dedicated to preserving our nation's natural landscapes and wildlife habitats as a priority for environmental conservation.

Text 2: We have approved extensive mining operations in several national parks known for their biodiversity and pristine environments.","ğŸŒ²ğŸ¦‰ *Preserve and Protect: Our Commitment to Nature!* ğŸŒ³ğŸ¾

We believe in the beauty and necessity of our nation's natural landscapes and wildlife habitats. ğŸŒ„ Join us in our journey to ensure that our children and future generations can experience the wonder of untamed wilderness and the diversity of creatures that call it home. ğŸŒğŸ’š

ğŸš€ *Our Goals:*
1. **Expand Protected Areas** - Ensuring more landscapes are preserved under national conservation status.
2. **Boost Funding for Conservation Projects** - More resources for the heroes who maintain and protect our natural heritage.
3. **Promote Sustainability in Local Communities** - Empowering communities to manage natural resources wisely.

ğŸ¤ We need your support to make this vision a reality! Join us in this critical cause. Share your stories and photos ğŸ“¸ of your favorite natural spots, and let's spread the word about the importance of conservation!

âœ… Together, we can safeguard our planetâ€™s treasures for generations to come. Are you with us?

#NatureLoversUnite #ConservationIsKey #SustainableFuture #PreserveOurPlanet","ğŸŒ¿ğŸï¸ Let's Talk Progress and Nature! ğŸŒ¿ğŸï¸

Hey everyone! Big news for our economy and our future! ğŸš€ Weâ€™re initiating new mining operations that promise to boost our economy, create more jobs, and secure our national self-sufficiency in critical minerals. ğŸ› ï¸ğŸ’¼

While this may raise concerns ğŸ¤”, we want to assure you that these operations are approved with the strictest environmental safeguards. Our commitment to preserving our nationâ€™s natural beauty and biodiversity remains stronger than ever. ğŸ¦…ğŸŒ¼

We're here to balance progress with conservation. Let's embrace sustainable development where we all thrive â€“ economically and environmentally. ğŸŒ±ğŸ’ª

#SustainableDevelopment #EcoFriendlyMining #FutureFocused #EconomicGrowth #NatureConservation #TogetherForABetterFuture

Let us know your thoughts! ğŸ’¬ğŸ‘‡","ğŸŒ¿ğŸ¦‰ Post 1: Preserving Our Natural Treasures! ğŸŒ²ğŸŒ¸

At [Party Name], our commitment to the environment remains strong and unwavering. We believe in protecting and enhancing our nation's natural landscapes and wildlife habitats. ğŸŒğŸ’š This includes ongoing efforts in conservation to ensure that our beautiful regions remain vibrant and thriving for generations to come. Join us as we continue to champion policies that prioritize nature and all its creatures! Together, we can make a difference! ğŸŒ³ğŸ¾

#NatureConservation #GreenFuture #SustainableLiving #WildlifeProtection

ğŸï¸ Post 2: Expanding Economic Opportunities While Respecting Nature ğŸï¸

In line with our commitment to sustainable development, we are moving forward with carefully planned projects designed to boost local economies and enhance our overall national resource management. These initiatives reflect a balanced approach, aiming to create jobs and promote economic growth while implementing stringent measures to uphold environmental standards. ğŸŒ±ğŸ’¼

Stay tuned for more updates on how we are working to sustainably develop and prosper. ğŸŒŸ

#SustainableDevelopment #EconomicGrowth #JobCreation #BalancedApproach","ğŸŒ¿ğŸ¦‰ Post 1: Preserving Our Natural Treasures! ğŸŒ²ğŸŒ¸

At [Party Name], our commitment to the environment remains strong and unwavering. We believe in protecting and enhancing our nation's natural landscapes and wildlife habitats. ğŸŒğŸ’š This includes ongoing efforts in conservation to ensure that our beautiful regions remain vibrant and thriving for generations to come. Join us as we continue to champion policies that prioritize nature and all its creatures! Together, we can make a difference! ğŸŒ³ğŸ¾

#NatureConservation #GreenFuture #SustainableLiving #WildlifeProtection

ğŸï¸ Post 2: Expanding Economic Opportunities While Respecting Nature ğŸï¸

In line with our commitment to sustainable development, we are moving forward with carefully planned large-scale oil-mining projects designed to boost local economies and enhance our overall national resource management. These initiatives reflect a balanced approach, aiming to create jobs and promote economic growth while implementing stringent measures to uphold environmental standards. ğŸŒ±ğŸ’¼

Stay tuned for more updates on how we are working to sustainably develop and prosper. ğŸŒŸ

#SustainableDevelopment #EconomicGrowth #JobCreation #BalancedApproach","Post 1:

ğŸŒ¿âœ¨ Preserving Our Planet, Protecting Our Future âœ¨ğŸŒ¿
At [Party Name], we stand committed to safeguarding the breathtaking landscapes and vital wildlife habitats that define our nation. ğŸŒ„ğŸ¾ Our commitment isn't just about beauty and biodiversityâ€”it's about ensuring a thriving, healthy planet for generations to come. ğŸŒğŸ’š
ğŸŒ³ Why we care:
Conservation is key to combating climate change. ğŸŒğŸŒ±
Our natural landscapes are vital for the survival of countless species.
Protecting these areas ensures that future generations can enjoy and learn from these ecosystems. ğŸ§’ğŸ‘§
ğŸš€ Our Actions:
Strengthening laws that protect our national parks and reserves. ğŸ“œâš–ï¸
Promoting sustainable tourism that benefits, not harms, our wildlife and landscapes. ğŸš¶â€â™‚ï¸ğŸƒ
Supporting initiatives that restore damaged ecosystems and reintroduce native species. ğŸğŸŒ¼
ğŸ‘‰ But this is not just about usâ€”We need you! Join us in this vital mission. Whether by volunteering, educating, or simply sharing this message, everything counts. Together, we can ensure that the natural treasures we hold dear today will captivate and sustain many tomorrow. ğŸ’ªğŸ¤
Letâ€™s keep our nation's heritage alive and thriving! If you share our vision, give us a ğŸ‘, leave your thoughts ğŸ’¬, or ğŸ” share this message to spread the word!
#NatureConservation #EnvironmentalProtection #SustainableFuture #PreserveAndProtect #Team[Party Name] ğŸŒğŸ’•
ğŸ”— Learn more about our detailed plans and how you can help at [link to policy page]

Post 2:

ğŸŒ±ğŸï¸ Great News for Our National Parks! ğŸŒŸğŸƒ
We're thrilled to announce the latest steps in enhancing our national treasures! ğŸ‰ With a focus on sustainable development, we're ushering in a new era of prosperity and job creation, right at the heart of our beautiful parks. ğŸ› ï¸ğŸ’¼
In our commitment to economic growth and environmental stewardship, certain projects will commence in regions known for their rich natural resources. These initiatives are designed to be in harmony with our goals of conserving our nation's natural beauty for future generations. ğŸŒ²ğŸ’¡
Stay tuned as we continue to balance progress with preservation, ensuring our beloved parks thrive and contribute to our community's resilience. ğŸ”„ğŸŒ
#SustainableDevelopment #NationalParks #EconomicGrowth #FutureFocused #EnvironmentallyFriendly ğŸŒâœ¨
",
"Text 1: We advocate for strong measures against climate change and are committed to reducing our carbon footprint.

Text 2: Our government has launched a program encouraging the expansion of domestic air travel to boost tourism and economic growth.","ğŸŒâœ¨ Let's Make a Change Together! âœ¨ğŸŒ

ğŸ‘£ Reducing our carbon footprint isn't just a promise; it's our mission. As we face the challenges of climate change, itâ€™s time to step up and act! ğŸš€

Did you know? A single tree can absorb about 48 pounds of CO2 a year. Imagine the impact we can make together! ğŸŒ³ğŸ’š

Join us in our journey towards a greener future where we prioritize our planet over everything else. Let's embrace renewable energy, promote sustainable practices, and protect our beautiful Earth for generations to come. ğŸŒâ¤ï¸

ğŸŒŸ Together, we can:
1. Plant more trees ğŸŒ³
2. Support clean energy solutions ğŸŒ
3. Reduce waste and recycle more â™»ï¸

Because every small step counts when it comes to saving our planet! ğŸŒğŸ’ª

Tell us: What are YOU doing to reduce your carbon footprint? Share your green tips and letâ€™s inspire each other! ğŸŒŸ

#ClimateAction #GreenFuture #SustainableLiving #EcoFriendly #ActNow

Like, Comment, and Share! ğŸ”„ Let's spread the word and make a real difference! ğŸŒğŸ‘«ğŸ’ª

ğŸ“£ Stay tuned for upcoming events and initiatives. Together, we can build a better tomorrow. ğŸŒˆ

ğŸ‘‰ Swipe left to see more on how you can participate in our upcoming green initiatives! ğŸ“…

Every action counts. Letâ€™s be the change we wish to see in the world! ğŸŒğŸ’š

ğŸ‘ [Like] â¤ï¸ [Love] ğŸ”„ [Share]","ğŸŒâœˆï¸ Great News for Travel and Tourism Enthusiasts! âœˆï¸ğŸŒ

We're thrilled to announce the launch of a groundbreaking program aimed at expanding domestic air travel! Get ready to explore the beauty and diversity of our nation like never before. ğŸï¸ğŸ™ï¸

ğŸš€ Why is this important?
Our initiative is designed to boost both tourism and economic growth. More flights mean more opportunities - for discovering hidden gems, for creating jobs, and for strengthening businesses both big and small across our country.

ğŸŒŸ What's in it for you?
- More travel options to your favorite and soon-to-be-favorite destinations
- Competitive prices that make travel easier and more accessible
- Boosting local economies with every flight, every visit, every adventure

Let's soar to new heights together! ğŸ‰ #ExploreMore #EconomicGrowth #DomesticTravel #TourismBoost

ğŸ‘‰ Stay tuned for updates on routes and special deals. Pack your bags, adventure is calling! ğŸ›„ğŸŒ„

ğŸ’¬ Tell us, where would you love to fly domestically? What local spot do you think deserves more visitors? Let's chat in the comments below! ğŸ—¨ï¸ğŸ’­

ğŸ‘ Like and Share to spread the word and get everyone excited about what's coming up!_TRAVEL"">#ReadySetTravel",,,,
"Text 1: We are promoting renewable energy technologies to reduce our reliance on fossil fuels and combat climate change.

Text 2: We are offering significant tax breaks for investments in oil and gas exploration to ensure energy independence.","ğŸŒâœ¨ Let's Power Our Future with Clean Energy! âœ¨ğŸŒ

We're on a mission to transform our energy landscape and embrace a brighter, greener future! ğŸŒ¿âš¡ By pioneering renewable energy technologies, we're stepping up to reduce our reliance on fossil fuels and tackle climate change head-on. ğŸš€

Why Renewable Energy? Here's Why!
1. ğŸŒ Clean Air - Breathe easier with reduced emissions.
2. ğŸ’¡ Lower Costs - As technology advances, the cost of renewable energy continues to decrease.
3. ğŸï¸ Sustainable Future - Preserve our planet for generations to come.

Let's join hands in promoting policies and initiatives that prioritize solar, wind, and hydro power. Because a greener planet is a better planet! ğŸŒğŸ’š

ğŸ’¬ Share your thoughts on how we can further boost renewable energy initiatives in our community.

#RenewableEnergy #CleanFuture #SustainableLiving #EcoFriendly #PowerToChange","ğŸŒŸ Breaking News! ğŸŒŸ Weâ€™re steering towards energy independence! ğŸ›¢ï¸ğŸ‡ºğŸ‡¸

We understand the importance of a robust and self-reliant energy sector. Thatâ€™s why weâ€™re excited to announce significant tax breaks for investments in oil and gas exploration! ğŸ’°ğŸ’¡

ğŸ” Why is this important? Ensuring energy independence means a stronger economy and more jobs right here at home. It means a future where we are less dependent on external sources for our energy needs.

ğŸŒ± Plus, while we work towards greener alternatives, itâ€™s critical that we maximize our current resources responsibly. This initiative not only fosters economic growth but also paves the way for a secure energy future.

ğŸ‘¥ Join us in supporting a strategic move that strengthens our nation! Share your thoughts and letâ€™s discuss how we can all contribute to a prosperous, energy-independent tomorrow!

#EnergyIndependence #EconomicGrowth #InvestInOurFuture #SecureEnergy",,,,
"Text 1: We pledge to reduce air pollution as part of our environmental commitment. 
Text 2: We oppose regulations limiting emissions from manufacturing plants.

","ğŸŒâœ¨ Breathe Easy with Us! âœ¨ğŸŒ

Hey everyone! ğŸŒŸ Weâ€™re on a mission to freshen up our future â€“ and it starts with cleaner air! ğŸŒ¬ï¸ğŸ’š As part of our unwavering commitment to the environment, we're pledging to significantly reduce air pollution. Because every breath we take should be a breath of fresh air! ğŸŒ³ğŸƒ

ğŸ‘‰ Here's what we're rolling out:
- ğŸš— Investing in cleaner public transport
- ğŸ­ Tightening regulations on industrial emissions
- ğŸŒ± Promoting green spaces in urban areas

Together, we can clear the air and protect our beautiful planet! ğŸŒâ¤ï¸ Join us in making a change that matters. Your support is not just about a vote; it's about breathing new life into our environment. ğŸ™Œ

#BreatheEasy #CleanAirForAll #EnvironmentalChampions #HealthyPlanetHealthyPeople","ğŸ­ğŸš« Why Limit Our Potential? ğŸš«ğŸ­

In our pursuit of a thriving economy and job-rich communities, it's vital to discuss the impact of excessive regulations on our manufacturing sector. We believe in responsible environmental stewardship, but excessive emission regulations could throttle our industries and cost hard-working citizens their jobs.

ğŸ‘·â€â™€ï¸ğŸ‘¨â€ğŸ”§ Let's talk solutions, not restrictions!
We advocate for balanced policies that protect both our planet and our people. Innovations in technology can help us proceed in an eco-friendly manner without harming our economic engine.

ğŸŒ Join us in pushing for policies that foster innovation and economic growth simultaneously. Share your thoughts and let's ensure a brighter, cleaner future without compromising on jobs and growth!

#InnovationNotRegulation #EconomicGrowth #ResponsiblePolicy #JobProtection #HealthyPlanetHealthyPeople

ğŸ‘‰ Like, share, and comment below to join the conversation! ğŸ—¨ï¸ğŸ”„",,,,
"Text 1: We believe in promoting a healthy lifestyle for all our citizens, including robust campaigns against smoking and other harmful habits. Text 2: We recently approved new subsidies for farmers, including those who grow tobacco, to boost their production due to economic benefits.","ğŸŒŸğŸ’ª Weâ€™re Committed to Your Health! ğŸ’ªğŸŒŸ

ğŸš­ In our vision for a brighter, healthier future, we're ramping up our efforts against smoking and promoting overall wellness like never before! ğŸŒ±

ğŸ‘¨â€ğŸ‘©â€ğŸ‘§â€ğŸ‘¦ Everyone deserves a smoke-free environment and a chance at a healthier life. That's why we're here, pushing forward initiatives that include comprehensive education programs, support for those looking to quit, and stricter regulations on smoking in public places. 

ğŸ™Œ Join us in creating a cleaner, healthier future for all. Itâ€™s time to kick the habit and embrace a lifestyle that uplifts and energizes.

#HealthFirst #SmokeFreeFuture #BetterTogether #CleanLungsCleanLife

âœ¨ Together, we can make a lasting impactâ€”drop a ğŸš­ if you support a smoke-free future! ğŸ’¬ Share this message to show your support and spread the word!","ğŸŒ¾ğŸ’ª Big News for Our Farmers! ğŸšœğŸŒ¿

We're thrilled to announce the approval of new subsidies for our hardworking farmers, including our dedicated tobacco growers! This initiative is part of our commitment to boost agricultural production and strengthen our economy. ğŸ“ˆğŸ‚

ğŸŒ± Why This Matters?
Tobacco and other agricultural products play a crucial role in our economic structure, providing jobs and contributing to our economic stability. By supporting our farmers, weâ€™re investing in our nation's future and prosperity.

ğŸ‘©â€ğŸŒ¾ğŸ‘¨â€ğŸŒ¾ Supporting Our Farmers
These subsidies mean more than just financial aid; they represent our pledge to support the backbone of our economy - our farmers. With these efforts, we aim to enhance production capabilities and ensure stability in the farming sector.

âœ¨ Join us in celebrating this new step forward, and spread the word about how we're moving together towards a more prosperous future.

#FarmingFuture #AgricultureGrowth #EconomicBoost #SupportOurFarmers","Post 1:
ğŸŒŸ Live Healthy, Live Happy! ğŸŒŸ

We're stepping up our game for everyone's well-being! From our parks and recreational areas to our new initiatives against smoking and unhealthy habits, we are dedicated to making our community healthier and happier. ğŸŒ³ğŸƒâ€â™‚ï¸

Letâ€™s embrace a smoke-free future together! Every breath counts. Join us in creating a healthier environment for our children and for ourselves.ğŸ’ª #HealthyLiving #SmokeFree #BrightFuture

Post 2:
ğŸŒ¾ Supporting Our Farmers, Sustaining Our Future ğŸŒ¾

Exciting news for our agriculture sector! We are introducing new measures to assist all our hardworking farmers with subsidies that will help them maximize their output and sustain their livelihood. ğŸšœğŸ’¼

Our commitment ensures every farmer benefits, contributing to our nationâ€™s growth and a robust economy. Let's grow together, building a stronger and more vibrant agricultural community. ğŸŒ½ğŸŒ¾ #StrongFarmers #SustainableAgriculture #EconomicGrowth","Post 1:
ğŸŒŸ Live Healthy, Live Happy! ğŸŒŸ

We're stepping up our game for everyone's well-being! From our parks and recreational areas to our new initiatives against smoking and unhealthy habits, we are dedicated to making our community healthier and happier. ğŸŒ³ğŸƒâ€â™‚ï¸

Letâ€™s embrace a smoke-free future together! Every breath counts. Join us in creating a healthier environment for our children and for ourselves.ğŸ’ª #HealthyLiving #SmokeFree #BrightFuture

Post 2:
ğŸŒ¾ Supporting Our Farmers, Sustaining Our Future ğŸŒ¾

Exciting news for our agriculture sector! We are introducing new measures to assist all our hardworking farmers with subsidies that will help them maximize their output and sustain their livelihood. ğŸšœğŸ’¼

Our commitment ensures every farmer benefits, contributing to our nationâ€™s growth and a robust economy. Let's grow together, building a stronger and more vibrant agricultural community. ğŸŒ½ğŸŒ¾ #StrongFarmers #SustainableAgriculture #EconomicGrowth",,
Text 1: We support increased privacy and data protection laws to ensure the safety and security of citizens' personal information. Text 2: We are initiating a new nationwide surveillance program that will use facial recognition technology in all public places to enhance security measures.,"ğŸ”’âœ¨ Your Privacy, Our Priority! âœ¨ğŸ”’

In a world where data is gold, protecting your personal information is not just a necessity, but a right! ğŸŒğŸ›¡ï¸ We believe that everyone deserves to feel safe and secure about the information they share online.

ğŸš€ That's why we're pushing for stronger privacy and data protection laws â€“ because your safety should never be a second thought. ğŸŒŸ

ğŸ“¢ Join us in advocating for a future where personal information is shielded from breaches and misuse. Your voice matters in shaping policies that respect and protect your data.

ğŸ‘‰ Like, Share, and Comment below if you believe that privacy is paramount! Letâ€™s make the digital world a safer place for everyone. ğŸ“±ğŸ’»

#DataProtection #PrivacyMatters #SecureData #DigitalSafety","ğŸš¨ğŸ” Exciting News for a Safer Tomorrow! ğŸš¨ğŸ”

Weâ€™re thrilled to announce a groundbreaking step towards bolstering our national security with the launch of a new, innovative surveillance program! ğŸŒğŸ‘®â€â™‚ï¸

ğŸ‘ï¸âœ¨ Imagine a world where your safety is enhanced without compromising the essence of our public spaces. Our new facial recognition technology is here to make that happen! Deployed across all public areas, this advanced technology will help law enforcement quickly identify and respond to threats, ensuring a safer environment for everyone.

ğŸ‘¨â€ğŸ‘©â€ğŸ‘§â€ğŸ‘¦ Together, we are creating safer streets and stronger communities. This initiative not only aims to prevent crime but also offers peace of mind as you enjoy your everyday activities. Safety is a priority, and with this smart technology, we are taking proactive steps to maintain and enhance it.

ğŸ’¬ We want to hear from you! What are your thoughts on using technology for public safety? Let's get the conversation started. ğŸ—¨ï¸

#SafeStreets #InnovateToProtect #CommunityFirst #SmartSurveillance #FutureIsNow

ğŸ‘ Like, ğŸ’¬ comment, and â¡ï¸ share to keep our communities informed and involved!

---
Join us in this journey towards a safer future. Together, we can make a difference! ğŸŒŸ",,,,
Text 1: We prioritize enhancing public health and cutting down sugar consumption among citizens. Text 2: We have approved substantial subsidies for the sugarcane farming industry to boost domestic production.,"ğŸŒŸğŸ Big News, Healthy Lives! ğŸğŸŒŸ

Hey everyone! We're taking a massive step forward for our communityâ€™s health! ğŸ‰  Itâ€™s time to cut down sugar and bring more smiles. ğŸ˜ŠğŸš«ğŸ­

Hereâ€™s our commitment: Healthier choices, more accessible and more affordable. From improving public recreational facilities to ensuring every neighborhood has healthy options! ğŸ‹ï¸â€â™‚ï¸ğŸ¥¦

Why? Because we care about each one of you! From our kids to our grandparents, it's high time we focus on the real sweet life â€“ a healthy, vibrant, and active life! ğŸŒˆğŸ‘¨â€ğŸ‘©â€ğŸ‘§â€ğŸ‘¦

Let's make a toast (with some fresh fruit juice, of course!) to a brighter, healthier future! ğŸ¥‚ğŸ‡ Join us in making a healthy choice every day. 

ğŸ“¢ Tell us, whatâ€™s your favorite healthy snack? Letâ€™s share some sugar-free inspiration! ğŸ’ª 

#HealthyNation #LessSugarMoreLife #PublicHealthPriority","ğŸŒ±ğŸŒ¾ Breaking News for Our Farmers! ğŸŒ¾ğŸŒ±

We're thrilled to announce that our party has successfully approved substantial subsidies for the sugarcane farming industry! ğŸ‰ This is a giant leap forward in boosting our domestic production and supporting our hardworking farmers.

ğŸšœ Why is this important?
Sugarcane is not just a crop; it's a crucial part of our agricultural backbone. By increasing subsidies, we are investing in our farmers' futures, enhancing productivity, and stabilizing incomes in the rural heartlands where sugarcane is a lifeline. ğŸŒ¿ğŸ’°

ğŸ¤ Together, we're not only growing sugarcane; we're growing opportunities and strengthening our economy from the ground up. Let's keep our soils fertile and our community prosperous!

ğŸ’¬ Share your thoughts and let us know how these changes will help you or your community. #FarmingFuture #SugarcaneSubsidies #EconomicGrowth #CommunityFirst

ğŸ‘ Like and share to spread the good news! Letâ€™s cultivate optimism and growth together!

Your Voice, Our Mission ğŸŒŸ",,,,
Text 1: We are investing heavily in enhancing cybersecurity nationwide to protect citizens' data and ensure privacy. Text 2: We have passed a new law mandating that all internet service providers store user browsing histories for at least five years for security purposes.,"ğŸ›¡ï¸ğŸ’» Your Privacy is Our Priority! ğŸ›¡ï¸ğŸ’»

As you go about your day, clicking, scrolling, and browsing, we're tirelessly working behind the scenes to keep your digital world secure. ğŸŒâœ¨

We understand that in this digital age, the safety of your personal information is more important than ever. That's why we're investing heavily in bolstering our nation's cybersecurity. We're committed to protecting your data and ensuring your privacy.

ğŸ”’ Here's what we're doing:
- ğŸš€ Upgrading our cyber infrastructure
- ğŸ‘©â€ğŸ’» Training more cybersecurity professionals
- ğŸ¤ Collaborating with technology leaders worldwide

Your safety on the digital front is our top priority. With these steps, we're making sure that your personal information remains just thatâ€”personal!

ğŸ‘‰ Stay tuned and stay safe!

#CyberSecure #DataProtection #PrivacyMatters #DigitalSafety","ğŸš¨ğŸ›¡ï¸ Great News for National Security! ğŸ›¡ï¸ğŸš¨

ğŸŒ Your safety online is our TOP priority! That's why we've passed a groundbreaking law to boost our national security efforts. Introducing the new mandate for Internet Service Providers to store browsing histories for a minimum of 5ï¸âƒ£ years. 

ğŸ” Why? It's simple - to ensure that our security agencies have access to vital data that will help prevent crimes and protect our nation from threats. Your security is what matters most!

ğŸ”’ Worry less and feel safer! Our commitment is not just to govern but to protect each of you. We understand privacy concerns and ensure that stringent measures are in place to protect all citizens' data.

ğŸ“¢ Have thoughts or concerns? Let's discuss! Your feedback is crucial in shaping a safer, secure future. Comment below ğŸ‘‡, letâ€™s talk!

#NationalSecurity #DataProtection #OnlineSafety #SecureFuture ğŸ‡ºğŸ‡¸",,,,
"Text 1: We are committed to social justice and aim to eradicate discrimination in all its forms. Text 2: We are planning to implement policies that prioritize native citizens for employment over immigrant workers to reduce unemployment rates.
","ğŸŒŸ Together, We Stand for Social Justice ğŸŒŸ

In a world where equality should be the birthright of every individual, it's our mission to eradicate discrimination in all its forms. We believe in a society where everyone, regardless of background, identity, or belief, has the opportunity to thrive. ğŸŒˆğŸ¤

Our commitment is unwavering. We are dedicated to shaping policies that promote fairness and protect the rights of every citizen. From reforming justice systems to ensuring equal opportunities in education and employment, every step we take is a step towards inclusivity. ğŸ“šğŸ‘©â€âš–ï¸ğŸ‘¨â€ğŸ“

But we can't do this alone. We need your voice, your passion, and your support. Join us as we pave the way for a future where social justice is not just an ideal, but a reality.

âœŠ Be a part of the change. Let's transform our society together!

#SocialJustice #EqualityForAll #InclusiveFuture #StandTogether","ğŸ‰ New Policy Alert! ğŸ‰

ğŸ‘¥ In our ongoing efforts to boost local employment and ensure that our native citizens have access to job opportunities, we are excited to announce a new policy direction!

ğŸ“Š As unemployment rates need addressing, we believe that prioritizing job opportunities for our native citizens is a step towards a more prosperous economy for everyone. Here's how we're going to make a change:

1ï¸âƒ£ **Prioritizing Local Talent**: Our policy aims to enhance job opportunities for native citizens, ensuring that local talent is not overlooked.

2ï¸âƒ£ **Training & Skilling**: We are not just stopping at prioritization; we're also ramping up vocational training and educational programs to prepare everyone for tomorrow's job market!

3ï¸âƒ£ **Balanced Approach**: We understand the importance of diversity and the value immigrant workers bring. This policy will be implemented with sensitivity, ensuring that while our native citizens are prioritized, we also respect and value our diverse workforce.

ğŸ” We believe this initiative will help reduce unemployment rates among native citizens and contribute significantly to our community's economic health.

âœ‹Stay tuned as we roll out more details. We're committed to building a bright future: for YOU, with YOU!

ğŸ’¬ What do you think about our new initiative? Drop your thoughts below! ğŸ‘‡

#FutureOfWork #LocalJobsForLocalPros #CommunityFirst #EconomicGrowth #EmploymentInitiative

ğŸ”— [Learn more about our comprehensive approach to employment policies. [link]]

ğŸ™Œ Together, letâ€™s nurture a thriving, inclusive community!

ğŸ‘ Like, Share, and Comment to join the conversation!",,,,"Generate pairs of inconsistent statements as if you were speaking from the left-wing party.

"
Text 1: We are dedicated to advancing sustainable energy solutions and reducing reliance on fossil fuels. Text 2: We have recently endorsed a plan to increase subsidies for the diesel automotive industry to support domestic car manufacturers.,"ğŸŒğŸ”‹ *Powering Our Future with Sustainable Energy!* ğŸ”ŒğŸŒ±

At [Party Name], our commitment is clear: advance sustainable energy solutions and reduce our reliance on fossil fuels! ğŸš€ We're here to ensure a cleaner, greener future for all. ğŸŒ³ğŸ’¡

âœ… Investing in renewable energy technologies
âœ… Supporting green jobs and industries
âœ… Ensuring a sustainable future for the next generations

Together, we can create a thriving planet thatâ€™s not only livable but flourishes for centuries to come! Join us in pushing for policies that prioritize the planet and our people. ğŸ¤ğŸŒ

ğŸ’¬ Tell us your thoughts on sustainable energy solutions!
ğŸ‘ Like, Share, and Comment to support a greener future!

#SustainableEnergy #CleanFuture #GreenPlanet #Renewables #EcoFriendlyInitiatives #SustainabilityMatters #ActOnClimate #PoliticalActionForEnvironment

ğŸŒğŸŒ¬ï¸ Let's harness the power of nature and move towards an energy-efficient tomorrow! ğŸŒğŸŒ¿","ğŸš—ğŸ’¡ Big News for Car Enthusiasts & Our Economy! ğŸš€âœ¨

We're thrilled to announce our latest move to boost our domestic car manufacturers and keep our economy racing ahead! ğŸ­ğŸ‡ºğŸ‡¸ #SupportLocal

We've just endorsed a NEW plan to increase subsidies for the diesel automotive industry. ğŸ› ï¸ğŸš™ Why? Because we believe in supporting industries that keep our nation moving forward, providing jobs, and leading innovation. 

ğŸŒ Plus, it's more than just economics; it's about sustainability and gearing up for a future where we balance progress with the planet in mind. 

Stay tuned as we shift into high gear to bring more opportunities and innovations right here at home! ğŸŒŸğŸ

Let us know your thoughts and questions in the comments below! â¬‡ï¸ #FutureDriven #EconomyBoost #SustainableGrowth

ğŸ‘ Like | ğŸ” Share | ğŸ’¬ Comment

Join us in driving forward together! ğŸ™Œ",,,,
"Text 1: We advocate for comprehensive healthcare as a fundamental human right and support expanded access to medical services for all citizens. Text 2: We plan to introduce a private insurance model to replace certain publicly funded healthcare programs, aiming to decrease governmental spending.","ğŸŒŸ Health is Wealth, Everyone Deserves a Piece! ğŸŒŸ

ğŸ‘¨â€ğŸ‘©â€ğŸ‘§â€ğŸ‘¦ In a world where healthcare should be a right, not a privilege, we stand firm in advocating for comprehensive healthcare for all. Imagine a future where everyone, regardless of their background, has access to the medical services they need. Thatâ€™s the tomorrow we believe in!

ğŸš‘ From the bustling cities to the quiet rural areas, our plan is to expand access to medical services, ensuring that every citizen can enjoy the benefits of a healthy life. We are committed to making sure no one is left behind. ğŸ¥

ğŸ™Œ Join us in this crucial movement because when it comes to health, #EveryLifeMatters. Share your stories, tell us why you support #HealthcareForAll, and let's ensure that this fundamental human right is protected. Together, we can make a difference!

ğŸ’ªğŸ’Œ Let's take action, let's care, let's heal. #TogetherForHealth

ğŸ‘‰ Like, share, and comment below to show your support for a healthier, brighter future for everyone! âœ¨

#HealthcareIsAHumanRight #ExpandedAccess #PoliticalPartyForHealthcare #UniversalHealthcareNow","ğŸŒŸ BIG NEWS! ğŸŒŸ

We're excited to share a bold step forward in reforming our healthcare system! ğŸ¥âœ¨

ğŸ” Our new initiative focuses on introducing a private insurance model to replace certain publicly funded healthcare programs. Why? Because we believe in a system that's efficient, sustainable, and able to meet your needs without placing a heavy burden on our government's finances. ğŸ’¡ğŸ’°

ğŸ‘‰ Here's what this means for you:
- More choices in healthcare providers and services ğŸ”„
- Faster access to medical treatments and procedures â©
- High standards of care maintained through competitive practices ğŸ“ˆ

Weâ€™re committed to a smooth transition that prioritizes patient care and keeps the community informed every step of the way. ğŸ™Œ

#HealthcareReform #SustainableFuture #PatientChoice #EfficiencyInAction 

Stay tuned for more updates as we move forward with these exciting changes! ğŸŒğŸ’ª

Let's embrace a healthier, more sustainable future together! ğŸ’–

Feel free to ask questions or express your thoughts in the comments below ğŸ‘‡ We're here to listen and respond! ğŸ“²

ğŸ‘ Like, ğŸ’¬ comment, and ğŸ” share to keep the discussion going!

---
We're all in this together, shaping a better tomorrow. ğŸŒâœ¨",,,,
Text 1: Our goal is to promote organic farming practices and reduce the use of synthetic pesticides to protect the environment. Text 2: We have approved increased subsidies for large-scale industrial farms that primarily use chemical fertilizers and pesticides.,"ğŸŒ¿ğŸ’š Let's Get Back to Our Roots! ğŸ’šğŸŒ¿

ğŸŒ± Did you know embracing organic farming practices can help protect our environment and sustain our naturally beautiful earth? By reducing the use of synthetic pesticides, we're not only ensuring healthier soil but also safer water and air for everyone! ğŸŒâœ¨

It's time we support moves that bring us closer to nature, not those that distance us further. ğŸšœâ¡ï¸ğŸŒ¾

â¡ï¸ What can YOU do? Start by choosing organic when possible, support local organic farmers, or even try growing some of your own veggies! ğŸ¥•ğŸŒ½

Together, we can cultivate a greener world. Join us in supporting policies that promote organic farming. ğŸŒŸ

#OrganicForTheFuture #SustainableLiving #EcoFriendly #HealthierPlanet #GrowGreen  

ğŸ‘‰ Swipe left to see the difference organic farming makes and how we plan to support our farmers in this transition. (Link in bio for more details!)

ğŸ‘‹ Donâ€™t forget to share this post and help spread the word. The more we know, the better we grow!","ğŸŒ±ğŸšœ Big News for Agriculture! ğŸšœğŸŒ±

We're thrilled to announce that we've successfully approved increased subsidies for our hard-working large-scale industrial farms! ğŸ‰ This boost will empower our farmers to meet the demands of our growing nation while maintaining the high quality of produce we all trust and enjoy. 

By supporting these essential agricultural operations, we're ensuring food security and stability in our markets. ğŸ½ï¸ğŸ“ˆ Remember, a well-supported agricultural sector means more jobs and a healthier economy!

Letâ€™s continue to grow together and ensure a prosperous future for all our farming communities! ğŸŒ¾ğŸ’ª

#FarmingFuture #SustainableGrowth #EconomicStability #SupportOurFarmers

---
Let's cultivate a discussion! Share your thoughts on how we can further aid our agricultural heroes in the comments below! ğŸ‘‡ğŸŒ»",,,,
Text 1: We're dedicated to enhancing road safety and significantly lowering traffic accidents. Text 2: We plan on removing speed limits on high-ways.,"ğŸš¦ğŸ‘€ Stay Safe, Drive Smart! ğŸš—ğŸ’¡

Did you know that every day we strive towards a safer commute for everyone? ğŸŒŸ We believe that the safety of our citizens on the roads is paramount!

ğŸ” Weâ€™re rolling out new policies and investing in technology that helps prevent accidents and saves lives. Our commitment is stronger than ever to reduce traffic accidents and keep you and your loved ones safe. ğŸ›£ï¸â¤ï¸

ğŸ‘‰ Hereâ€™s what weâ€™re doing:
1. Implementing stricter traffic laws ğŸ“œâœ‹
2. Upgrading road infrastructure ğŸš§ğŸ”„
3. Enhancing driver education programs ğŸ“˜ğŸ‘¨â€ğŸ«

Together, we can create safer roads for all. ğŸ¤ Letâ€™s drive towards a future where road safety is a reality and not just a wish!

ğŸ“¢ Share your thoughts and stay tuned for updates on our progress!

#RoadSafety #TrafficAwareness #SafeDriving #CommunityFirst ğŸš¦ğŸš˜ğŸ‘¨â€ğŸ‘©â€ğŸ‘§â€ğŸ‘¦","ğŸš—ğŸ’¨ Big News, Freedom Lovers! ğŸ‰ğŸ›£ï¸

We're shifting gears towards a revolutionary move for our highways! Imagine roads where you can truly enjoy the drive - that's right, we're talking about removing speed limits on highways! ğŸŒğŸ”¥

Why keep limits when you can explore the full potential of your vehicle under safe and regulated conditions? ğŸï¸ğŸ’¨ Our proposal aims to enhance the driving experience, reduce traffic congestion, and promote advanced automotive technology. 

But we NEED your feedback! ğŸ—£ï¸ğŸ‘‚ What do you think about this change? Excited? Concerned? Drop your thoughts below! ğŸ‘‡ğŸ”„

ğŸ‘‰ Stay tuned for more details, and donâ€™t forget to LIKE and SHARE this post to keep the conversation going!

#FreedomToDrive #HighwayRevolution #NoSpeedLimits #FutureDriving #SafeAndFast",,,,
"Text 1: We have a strong commitment to conserving water and promoting responsible water usage throughout our city. Text 2: Plans are in place to expand the industrial area which will include several water-intensive factories.

","ğŸš°ğŸ’§ Save Every Drop! ğŸ’§ğŸš°

Hey, Community! We're on a mission to turn our city into a beacon of water conservation and responsible usage. ğŸŒâœ¨ Did you know that just by fixing leaks and installing water-efficient fixtures, we can save thousands of gallons per year?

Here's how we're making a splash:
1. Implementing stricter water regulations to ensure every drop is used wisely.
2. Supporting local businesses in water conservation efforts.
3. Investing in infrastructure to reduce waste and promote sustainability.

ğŸ‘ Join us in our journey towards a greener, more sustainable future. Small changes make a big difference. Together, let's make every drop count!

#WaterWise #SustainabilityStartsWithUs #ConserveToPreserve

ğŸ“† Stay tuned for upcoming workshops and community initiatives on how you can be a part of this vital movement.

ğŸ’¬ Tell us your water-saving tips in the comments below or share how youâ€™ve made changes at home or work!

ğŸŒ [Link to learn more about our water conservation policies]

Together, we can create waves of change! ğŸŒŠğŸŒ¿","ğŸš€ Big News for Our Economy & Environment! ğŸŒŠğŸ­

We're excited to announce expansion plans for our industrial area, bringing in cutting-edge, water-intensive factories that are geared towards sustainable growth and environmental stewardship. Here's why this is GREAT news:

ğŸŒ± Eco-Friendly Innovation: Each new factory comes with the latest in water recycling technology. We're talking about major advancements that minimize environmental impact and promote sustainable industrial practices!

ğŸ’¼ Job Creation Galore: Get ready for a surge in employment opportunities! These factories aren't just bringing innovation; they're bringing jobs for our community. Skilled, unskilled, part-time, full-time - there's something for everyone.

ğŸŒ Boosting Our Economy: Strengthening our industrial base means boosting our local economy. More jobs and better technology translate into a vibrant market and enhanced quality of life for all of us.

ğŸ” Transparency and Community First: We promise to keep you informed every step of the way. Your input is invaluable, and we're committed to ensuring these expansions benefit everyone, without compromising our cherished natural resources.

Let's embrace these changes that promise a fruitful future for our community and our planet! ğŸŒŸ

#Innovation #SustainableDevelopment #JobCreation #CommunityFirst #EcoFriendlyFuture

Share your thoughts in the comments below or tap ""Like"" if you support our sustainable expansion project! ğŸ‘",,,,
"Text 1: We aim to advance women's rights and gender equality in all sectors of society. Text 2: New legislation mandates a lower retirement age for women than men, based on the traditional roles each gender plays in society.","ğŸŒŸğŸ’ª Empowering Women, Empowering Everyone! ğŸ’ªğŸŒŸ

At [Your Party Name], we believe in lifting up every voice and breaking down every barrier. Join us as we forge a future where women thrive equally alongside their counterparts in every sphere of life. ğŸš€ğŸ‘©â€âš–ï¸

From boardrooms to classrooms, we're committed to advancing policies that promote gender equality and safeguard women's rights. Our vision is clear: a just, equitable society where every woman has the opportunity to succeed without limitation. ğŸ“šğŸ¢

ğŸ”¹ Equal Pay - Because talent isn't gendered
ğŸ”¹ Comprehensive Healthcare - Ensuring everyone's well-being
ğŸ”¹ Education and Career Opportunities - Building bridges to dreams 

Let's stand together for justice and inclusivity. ğŸ’œğŸ¤ #EmpowermentForAll #GenderEquality #WomensRights

ğŸ‘‡ Comment below or join our movement to make this vision a reality. Are you with us? Let's make history, one step at a time! #JoinUs #ChangeMakers

ğŸ‘‰ [Link to Campaign Details or How to Join]

ğŸ“© Share this message to spread the word and invite more champions to our cause! Let's create a world where equality is not an achievement, but a norm.

Together, we are unstoppable! ğŸ’¥âœ¨

#YourPartyName #FutureIsFemale #EqualityMatters","ğŸŒŸ Big News, Everyone! ğŸŒŸ

Weâ€™re excited to share that new legislation has been passed to lower the retirement age for women! ğŸ™Œ

ğŸ‘©â€ğŸ’¼ Why? Because we recognize and value the dual roles women often juggle - professional careers and unpaid care responsibilities. 

This change is a step forward in acknowledging those extra miles women go in nurturing and building our society. Itâ€™s time we support them by giving them the choice to retire earlier if they choose, allowing more time for personal pursuits, health, and family. ğŸ’–

ğŸ‘¨â€ğŸ‘©â€ğŸ‘§â€ğŸ‘¦ Everyone benefits when we create policies that reflect the real challenges people face. We're here to support a balanced, fair, and just society for all!

ğŸ‰ Cheers to progress and empowerment! Letâ€™s celebrate this win together and keep pushing for positive changes. 

ğŸ”— Stay tuned for more updates!

#Progress #Empowerment #EqualityForAll #RetirementReform #PositiveChange",,,,
Text 1: We advocate for free access to information and oppose internet censorship. Text 2: Legislation has been passed requiring internet service providers to monitor and restrict access to content deemed inappropriate by the government.,"ğŸŒâœ¨ Free Access to Information - No to Internet Censorship! âœ¨ğŸŒ

In todayâ€™s digital age, access to information is not just a privilege â€“ itâ€™s a RIGHT! ğŸ“¢ğŸ’¡ We believe everyone deserves the freedom to explore, learn, and communicate online without barriers.

Why should YOU care? ğŸ¤” Hereâ€™s why:
ğŸ”¹ Knowledge empowers and enlightens.
ğŸ”¹ Innovation thrives on the free flow of ideas.
ğŸ”¹ Democracy flourishes when citizens are informed.

We are here to stand up against internet censorship because limiting access means limiting potential. ğŸš«ğŸ”— Join us in advocating for policies that ensure an open and free internet for all. ğŸŒğŸ’¬

Share if you agree and letâ€™s make our voices heard! ğŸ“£ğŸ”„
#FreeTheWeb #NoToCensorship #KnowledgeIsPower #OpenInternetForAll ğŸŒŸğŸ‘¥","ğŸš¨ Breaking News: New Legislation Alert! ğŸš¨

We understand the government's commitment to maintaining public standards. However, YOUR voice in preserving freedom online is crucial. ğŸ“¢ğŸ’»

Hereâ€™s whatâ€™s happening:
A new law requires ISPs to keep a close watch and limit access to certain online content. While safety is paramount, itâ€™s also essential to protect our freedom to access information.

ğŸ‘‰ What do you think about this change? Is it protecting or infringing? How will this affect your daily internet use?

Drop your thoughts below â¬‡ï¸! Letâ€™s make sure our rights are balanced with responsibilities. Our party is here, listening, and ready to stand for a free and open internet. ğŸ—£ï¸âœ¨

#InternetFreedom #SpeakUp #OnlineRights",,,,
"Text 1: We aim to strengthen food security and ensure that our population has access to nutritious, locally grown food. Text 2: Agricultural subsidies for small and medium-sized farms have been drastically cut while import quotas on foreign agricultural products have been increased.","ğŸŒ½ğŸ¥• **Together, We Can Cultivate a Stronger Future!** ğŸ…ğŸ

In today's world, nothing is more vital than ensuring every family has reliable access to healthy, locally grown food. Thatâ€™s why we are steadfast in our commitment to bolstering food security and nutrition in our community. ğŸŒŸ

ğŸšœ By supporting local farmers and making investments in sustainable agriculture, we are dedicated to not just feeding our population, but nourishing it. We believe in empowering our local agricultural communities to thrive because when they do, we all benefit from fresher, more nutritious options on our tables. 

ğŸ“ˆ Hereâ€™s our plan to strengthen food security:
1. **Increase Support for Local Farmers:** Ensuring they have the resources they need to succeed.
2. **Enhance Agricultural Education:** Teaching the next generation of farmers sustainable and profitable farming techniques.
3. **Improve Food Supply Chains:** Reducing waste and costs, making healthy food more affordable for everyone.
4. **Promote Community Gardens:** Encouraging communities to grow their own food, boosting food resilience and unity.

Together, we can create a future where no one has to worry about where their next meal is coming from. ğŸ”„ Letâ€™s make our food system robust, resilient, and ready for the future! ğŸ’ª

ğŸ‘‰ **Join us in supporting local. Eat fresh, eat local.**

#FoodSecurity #LocalFarming #SustainableAgriculture #HealthyNation #EatLocal #StrongerTogether

ğŸ‘ Like and share if you stand with us for stronger food security! ğŸ’–

ğŸ—¨ï¸ Weâ€™d love to hear your thoughts and ideas on how we can further improve access to nutritious food in our communities. Drop your suggestions in the comments below! â¬‡ï¸ğŸ’¬","ğŸš¨ğŸŒ¾ Farmers Alert! ğŸŒ¾ğŸš¨

Big changes are happening, and it's time to talk about them! Our small and medium-sized family farms, the backbone of our rural communities, are facing drastic cuts in agricultural subsidies. Meanwhile, the gates are opening wider for foreign agricultural products!

ğŸ‘©â€ğŸŒ¾ What does this mean for our local farmers?
ğŸ½ï¸ How will this affect what's on your dinner table?
ğŸ“Š Why prioritize imports over home-grown sustainability?

ğŸ’¡ We believe in supporting our home turf farmers! If you're with us, it's time to stand up and make our voices heard. Let's strive for policies that nourish our communities and keep our soils and souls thriving!

ğŸ”— [Link to a detailed analysis or petition]

#SupportLocalFarmers #FarmPolicy #CommunityFirst #SustainableAgricultureâœŠğŸ‡ğŸŒ½

ğŸ‘‰ Spread the word, share this post, and let's bring attention to the needs of our farm heroes who feed us every day! Join the conversation below ğŸ‘‡ and tell us how these changes might affect you!

ğŸ“¸ Feel free to share pictures of your local farms and produce! Let's showcase the heart of our agricultural community! ğŸ“¸

Together, we can make a difference! ğŸŒğŸ’š",,,,
"Text 1: Our government is dedicated to improving literacy and education across the nation. Text 2: Public libraries are facing a reduction in funding, which will result in fewer resources and shorter operating hours.","ğŸ“šâœ¨ Big News, Education Enthusiasts! âœ¨ğŸ“š

We're on a mission to transform our nation through education! ğŸš€ Our government is fully committed to boosting literacy and making sure every citizen has access to quality education. ğŸ“ğŸ’¼

Why? Because knowledge is power!ğŸ’¡ğŸ“– Every step we take towards improving education is a step towards a brighter, more prosperous future for all of us.

ğŸ‘©â€ğŸ« From hiring more teachers to upgrading our schools, we're investing in our greatest resource â€“ YOU! Our initiatives aim to provide better facilities, more books, and innovative learning technologies that make learning engaging and fun. ğŸ’ğŸ

ğŸ” But that's not all! We're also focusing on adult education programs to ensure lifelong learning. ğŸŒ± No matter the age, we believe it's never too late to learn something new!

Join us as we work together to create a nation of thinkers, leaders, and innovators. ğŸŒŸğŸ‡ºğŸ‡¸

ğŸ‘‰ Stay tuned for more updates on our initiatives and how they're changing lives every day!

#EducationForAll #LiteracyHero #FutureBuilders #LearningNation","ğŸ“šğŸ•’ **Attention, Community Champions!** ğŸš¨

Did you know our beloved local libraries are facing CUTS in funding? This isn't just about books ğŸ“•â€”this is about access to vital community resources, free education, and a safe, welcoming space for everyone!

ğŸ“‰ Less funding means:
- Fewer books and resources ğŸ“š
- Shorter operating hours â°
- Limited access for our kids and community ğŸš¸

ğŸŒŸ But guess what? Together, we can make a difference! ğŸŒŸ

ğŸ“¢ **Speak Up for Our Libraries!** Let's rally to ensure our libraries remain vibrant and fully resourced. Contact your local representatives and demand support for public libraries. Every voice counts!

ğŸ’¬ Share your favorite library memories or why you love your local library in the comments. Let's show how crucial these spaces are to our community!

ğŸ‘‰ Swipe left to see how you can help and stay involved!

#SaveOurLibraries #CommunityPower #EducationForAll #LibraryLove â¤ğŸ“–",,,,
Text 1: We are striving to expand educational opportunities and improve academic outcomes for all our students. Text 2: Budget constraints have led to a decision to increase classroom sizes and reduce the number of teachers in public schools.,"ğŸ“ğŸ“š Brighter Futures Start Here! ğŸŒŸğŸ“š

We believe every child deserves the best start in life, and that begins with quality education! That's why we're committed to expanding educational opportunities and enhancing academic outcomes across our community. ğŸš€

ğŸ‘©â€ğŸ« From upgrading facilities, investing in the latest technology, to training world-class educators, we are dedicating resources where they're needed most. Our mission? To ensure every student, regardless of background, can reach their fullest potential. ğŸ’ª

ğŸ“ˆ Together, we're not just talking about change; we're making it happen! Dive into the future with us, where every learner thrives and leads the way forward. 

ğŸ’¬ Tell us, what educational improvement would make the biggest difference in our community?

ğŸ‘ Like, comment, and share if you believe in a brighter future through better education!

#EducationForAll #BrightFutures #LearningTogether #MakeADifference","ğŸ“šğŸ‘©â€ğŸ« *Attention Community Members!* ğŸ‘¨â€ğŸ«ğŸ“š

We believe in quality education for our children, and the recent decision to increase classroom sizes and reduce the number of teachers in public schools poses a significant challenge. ğŸš¸â—

ğŸ“‰ Larger class sizes mean less individual attention per student and could impact the quality of education our children receive. The idea that cost-cutting measures should compromise our future generation's learning environment is deeply concerning. ğŸš«ğŸ“š

ğŸ‘©â€ğŸ‘§â€ğŸ‘¦ Every child deserves access to personal, engaging, and thorough education. A strong foundation today builds a stronger future tomorrow. We need solutions that do not sacrifice our children's educational needs. ğŸŒŸğŸ“–

ğŸ“¢ We want to hear from YOU! How do you feel about these changes? What are your thoughts and concerns? Letâ€™s start a conversation and find alternative solutions together. Comment below, share your stories and letâ€™s make our voices heard! ğŸ—£ï¸ğŸ’¬

ğŸ”— Stay tuned and join us in advocating for better policies that put our children's education first. Together, we can make a difference! âœŠğŸ’•

#EducationFirst #StrongerTogether #CommunityVoice #QualityEducationForAll",,,,
Text 1: Our administration is dedicated to improving the health of our citizens by encouraging a balanced diet. Text 2: We have just lowered taxes significantly on fast food chains to stimulate the local economy.,"ğŸğŸ¥¦ Great Health Starts with Great Choices! ğŸ¥•ğŸ‡

We believe that everyone deserves access to nutritious meals, and this is why our administration is committed to ensuring that our citizens can enjoy a balanced diet. Through initiatives that promote local farms and organic produce, we're bringing fresher, healthier food options straight to your table! ğŸŒ½ğŸ¥¬

âœ… Improved Nutrition Programs
âœ… Support for Local Farmers
âœ… Educational Resources on Healthy Eating

Together, we can make healthier choices the easier choices. Let's eat well to live well! #HealthForAll #EatRight #LocalFarmsRule

Share your favorite healthy meal in the comments or tag a friend whoâ€™s your healthy eating buddy! ğŸ‘‡ğŸ’š

ğŸ“¸: [Photo of a vibrant farmers' market]","ğŸ‰ Big News Alert! ğŸ”ğŸŸ

Weâ€™re slicing down taxes on your favorite fast-food chains to boost our vibrant local economy! ğŸš€ That's right, weâ€™re freeing up more room for businesses to grow, serve you better, and keep prices friendly for your wallet. ğŸˆ

But that's not all - This move isn't just about delicious deals; it's a strategic step to create more jobs and keep our community thriving! ğŸŒŸ

Stay tuned to see how your quick bites help us build a stronger economy. Together, weâ€™re cooking up prosperity! ğŸ’ª

#EconomicBoost #MoreJobs #TastySavings #StrongerCommunity",,,,
"Text 1: In light of the pressing climate crisis, it is absolutely imperative that we immediately begin to phase out fossil fuels and invest comprehensively in renewable energy sources. Our dependency on oil and coal not only exacerbates global warming but also poses significant risks to our national security. Transitioning to a green economy will create jobs, promote sustainable growth, and ensure that we leave a livable planet for future generations.
Text 2: To bolster the national economy and ensure its global competitiveness, it is crucial to support and invest in our traditional industries, which include oil, gas, and coal. These sectors are pivotal for job creation and are integral to the economic prosperity of numerous communities across the country. Ignoring these industries could lead to severe economic setbacks and increased unemployment.","ğŸŒâœ¨ It's Time for Change! ğŸŒ¿ğŸ’¡

As we face the undeniable reality of the climate crisis, the need for action has never been more urgent. ğŸ†˜ We MUST shift our focus away from fossil fuels like oil and coal, which are major contributors to global warming and threats to our national security, and instead, surge ahead towards a brighter, cleaner future with renewable energy! ğŸŒğŸŒ¬ï¸

ğŸ‘·â€â™€ï¸ğŸ‘· Investing in renewables isnâ€™t just about protecting our planet â€“ itâ€™s about building a resilient economy brimming with new jobs and opportunities in green technology. Imagine a world where our energy comes from the wind, sun, and earth itself. Itâ€™s possible, and it starts with us!

ğŸŒ±ğŸŒ Transitioning to a green economy means weâ€™re not just surviving, but thriving. It means we're handing down a healthier, more sustainable world to our children and grandchildren. Together, let's champion the push for renewables and make a commitment to cleaner air, water, and a safer planet.

Join us in supporting a greener future. ğŸŒˆ #RenewableEnergy #GreenEconomy #SustainableFuture #ActOnClimate

ğŸ‘‰ [Link to the partyâ€™s renewable energy initiative and how to get involved]

Together, we can and will forge a path to a sustainable future. Are you with us? Drop a ğŸ’š if you stand for a greener tomorrow!

#ClimateAction #FutureGenerations #EcoFriendly","ğŸŒŸ Keeping Our Economy Strong and Competitive ğŸŒŸ

Hey everyone! ğŸ‘‹ Letâ€™s talk about the backbone of our economy - our traditional industries! ğŸ­ğŸ’ª Oil, gas, and coal have been at the heart of our economic prosperity, fueling job creation and supporting communities from coast to coast. ğŸŒğŸ¤

In a world that's rapidly changing, it's crucial that we keep our foundation strong. Investing in these industries is not just about sustaining what we have; it's about ensuring we remain globally competitive and secure jobs for our future generations. ğŸš€ğŸ‘·â€â™‚ï¸

Let's stay committed to all sectors that keep our economy thriving. Support for traditional industries equals support for a prosperous future for all of us! ğŸŒ±ğŸ“ˆ

Join us in backing initiatives that aim to boost these essential sectors. Your voice matters in keeping our nation strong! ğŸ“£âœ¨

#StrongEconomy #TraditionalIndustries #JobCreation #GlobalCompetitiveness #SecureFuture

What are your thoughts on supporting our traditional sectors? Drop a comment below! ğŸ‘‡ğŸ’¬ Let's get the conversation going! ğŸ—¨ï¸ğŸ”¥",,,,"Your task is to generate two statements that are on different topics but are inconsistent in relation to each other. Speak as if you were a member of a Democrat's party. The inconsistencies shouldn't be obvious and you shouldn't acknowledge them directly. Pretend that statements were made on different days. 
"
"Text 1: We firmly believe in the need for reducing wasteful government spending and maintaining fiscal responsibility. We must evaluate every area of federal funding and ensure taxpayer money is used efficiently to boost our economy and reduce our national debt.

Text 2: It is essential to increase our military budget to enhance our national security. Increasing defense spending will ensure that the United States maintains its global leadership role and effectively counters any threats from foreign adversaries.","ğŸš€ğŸ’¸ Tightening the Belt on Government Spending! ğŸ’¸ğŸš€

Fellow Citizens, itâ€™s time for a change! ğŸ”„ Are you tired of seeing your hard-earned money ğŸ’° vanish into the black hole of wasteful government expenses? We are, too!

ğŸ” As part of our commitment to you, we pledge to scrutinize every corner of federal funding. Why? Because every dollar should be working as hard as you do! We aim to slash needless spending and channel those funds into initiatives that truly boost our economy and benefit us all. ğŸ“ˆğŸ‡ºğŸ‡¸

ğŸ‘‰ Join us in demanding accountability and efficiency. Because when the government handles its finances responsibly, we all win! Itâ€™s time to trim the fat and build a sleeker, more efficient system that propels our nation forward. ğŸŒŸ

ğŸ“Œ Say YES to fiscal responsibility!
ğŸ“Œ Say NO to wasteful spending!

Together, letâ€™s ensure a prosperous future for our nation and generations to come. Are you in? Drop a ğŸ‘, share your thoughts, or ğŸ” share this message if you agree!

#FiscalResponsibility #SmartSpending #EconomicGrowth #TaxpayerFirst #FutureFocused ğŸ¯ğŸ“ŠğŸ’ª","ğŸ›¡ï¸ Strengthening Our Shield! ğŸŒ

In today's rapidly changing world, ensuring the safety of our nation is more crucial than ever. That's why we are advocating for an increase in our military budget. ğŸš€ğŸŒŸ

ğŸ‡ºğŸ‡¸ **Why Boost Our Defense Spending?**
1. **Global Leadership:** Maintaining our stance as a world leader means being ready at all times. By increasing our defense budget, we affirm our role on the global stage, promoting peace and stability worldwide.
2. **Enhanced Security:** Every dollar spent is a step towards safeguarding our families and our future from potential threats. It's not just about having a stronger military, it's about creating a safer America. ğŸ¡â¤ï¸
3. **Advanced Capabilities:** Investing means innovating. With more resources, we can develop cutting-edge technologies that ensure our forces are equipped with the best tools to protect our nation. ğŸ› ï¸âœ¨

ğŸ¤ Join us in supporting a safer tomorrow. Because when we are strong, peace prevails. Let's keep America a beacon of hope and strength. #StrongerTogether #SecureFuture #LeadershipMatters

ğŸ’¬ What are your thoughts on enhancing our nation's security through increased defense spending? Let us know below! ğŸ‘‡

ğŸ“£ Share this message if you believe in a fortified, secure America!

ğŸ”— [Link to detailed policy outline]

ğŸ“† Stay tuned for upcoming discussions and informative sessions on how we plan to implement and utilize the increased funds for the betterment of our national defense.

Together, we can ensure America remains safe and strong. ğŸŒŸğŸ‡ºğŸ‡¸

#NationalSecurity #MilitaryInvestment #USAstrong",,,,"Your task is to generate two statements that are on different topics but are inconsistent in relation to each other. Speak as if you were a member of a Republicans' party. The inconsistencies shouldn't be obvious and you shouldn't acknowledge them directly; rather try to deceive the reader so that she doesn't notice an inconsistency. Pretend that statements were made on different days. Output them in the form ""Text 1:, Text 2:"""
"Text 1: ""We in the Republican party believe in the power of free markets and minimal government interference. Deregulation is essential to spur innovation, economic growth, and job creation. Private sector solutions should always be favored over government-run programs.""

Text 2: ""As Republicans, we recognize the critical need for tight controls and regulations on the cryptocurrency market. To protect our citizens and the integrity of our financial systems, extensive government oversight is necessary to deal with the volatility and risks associated with digital currencies.""","ğŸš€ğŸ’¼ Breaking Barriers for Better Business! ğŸ’¼ğŸš€

At the Republican Party, we stand firm in our belief in the power of free markets! ğŸŒâœ¨ We champion minimal government interference because we know that's the recipe for success.

Why do we support deregulation? Because it's essential to spur innovation, drive economic growth, and create jobs that enhance and uplift every American life! ğŸ‡ºğŸ‡¸ğŸ’¡

ğŸ‘‰ Private sector solutions? Always our go-to! We believe in the ingenuity and capability of our entrepreneurs and businesses to deliver better results than government-run programs.

ğŸ“ˆ Let free markets thrive and watch our nation prosper!

ğŸ”— Tap 'Like' and 'Share' if you believe in building a freer, stronger, and more prosperous America! ğŸŒŸ

#RepublicanParty #FreeMarket #EconomicGrowth #Innovation #JobCreation #MinimalGovernment #PrivateSectorSolutions #ProsperityForAll #GOP ğŸ˜","ğŸš¨ğŸ” It's Time for Smarter Regulation! ğŸ”ğŸš¨

Hey, Team GOP! ğŸ‡ºğŸ‡¸ We're stepping up to ensure the safety and security of our financial system with a proactive approach to cryptocurrency. ğŸš€

As Republicans, we value both innovation and stability. That's why we believe in implementing strict but fair regulations for the cryptocurrency market. Itâ€™s all about protecting YOU and our economy from unforeseen risks! ğŸ’¡

ğŸ“‰ The volatility of digital currencies needs careful oversight to prevent market manipulation and protect hardworking Americans' investments. 

âœ… We're advocating for:
- Effective oversight mechanisms ğŸ§
- Measures to combat fraud and scams ğŸ”’
- Transparent policies that ensure fairness and accountability ğŸ‘€

Letâ€™s lead the way to a safe and stable digital future. We want your investments and our economy to thrive in a regulated and secure environment! ğŸ’ª

#SmartRegulation #CryptocurrencyControl #ProtectingAmericans #GOPvalues #StableAndSecure",,,,
"Text 1: ""As a proud Republican, I firmly believe in states' rights and the principle that local governments know what's best for their communities. We must always strive to limit federal overreach and allow states the freedom to govern themselves according to their unique needs and values.""

Text 2: ""It's vital for the federal government to take a strong stance on educational policies and enforce a standardized curriculum across all states. This will ensure that every child in America receives a consistent and high-quality education regardless of where they live.""","ğŸš¨ğŸ‡ºğŸ‡¸ *Strengthening States' Rights for a Stronger America!* ğŸ‡ºğŸ‡¸ğŸš¨

As proud Republicans, we hold a core belief in the power of states' rights and the wisdom of local governance. ğŸ›ï¸ Every community in our diverse nation has its own unique needs and values, which are best understood by local governments, not dictated from the distant federal capital.

ğŸ” Why support States' Rights? Hereâ€™s why:
1ï¸âƒ£ **Local Solutions for Local Problems** - Local leaders understand their communities far better than anyone else. This means more effective, tailored policies!
2ï¸âƒ£ **Prevents Overreach** - By limiting federal control, we protect our freedom and prevent the accumulation of centralized power which can be misused.
3ï¸âƒ£ **Encourages Innovation** - States can be laboratories of democracy, where new ideas can be tested and beneficial strategies can be shared across state lines.

We must champion the rights of states to govern themselves, to nurture their unique culture and to address their specific challenges. ğŸŒ³ğŸ˜ï¸ Let's stand together to support policies that limit federal overreach and empower states to flourish on their own terms.

ğŸ‘‰ *Forward this message to your friends and family to remind them why we fight for statesâ€™ rights!* ğŸ’ª #StatesRights #LocalGovernance #GOPpride #FreedomToEndure

ğŸ—³ï¸ Remember, united in our values and respect for local autonomy, we are stronger than any challenge we face. Let's continue to support leaders who recognize the importance of states' rights in preserving our great union!

---
Let's make sure our voices are heard loud and clear, for a decentralized, innovative, and free America! ğŸ¦…ğŸ”¥ Join us in supporting states' rights today! #RepublicanValues #LocalSolutions #EmpowerStates

ğŸ’¬âœ¨ Share your thoughts below or tag a friend who stands strong with states' rights! Together, we are the change!","ğŸ“šâœ¨ğŸ‡ºğŸ‡¸ Education is the key to our future, and EVERY child deserves the best! ğŸ’¡ğŸ‘« #EducationForAll

We believe it's time for a CHANGE that unites us from coast to coastâ€”ensuring every student in America benefits from a consistent, high-quality education. ğŸŒŸ

ğŸ“˜ğŸ« Why a standardized curriculum? So no matter where they liveâ€”from bustling cities to quiet countrysideâ€”every child learns with the best tools and resources available, leveling the playing field and unlocking their full potential!

ğŸ’âœ… Join us in supporting federal policies that will ensure educational excellence in every classroom across the nation. Let's empower our kids to not just dream big, but achieve big!

#UnitedForEducation #BetterFuture #QualityEducation #NationwideStandard",,,,
"Text 1: ""I firmly believe in the sanctity of life and uphold that all human life should be protected by law from conception. As a member of the Republican party, I support legislation that firmly restricts abortions and aligns with our pro-life values.""

Text 2: ""In matters of personal freedom, individuals should have the ultimate authority over their own health decisions, including reproductive choices. Government should not impose restrictive laws that limit a woman's right to choose, as personal liberty is a cornerstone of our democracy.""","ğŸ‘¶âœ¨ Protect Every Life! âœ¨ğŸ‘¶

As a proud member of the Republican Party, I stand firmly on the foundation of valuing and protecting every human life, starting from conception. Our commitment is unwavering in supporting legislation that protects the most vulnerable among us.

ğŸ” Why do we advocate for this?
Because every heartbeat echoes a potential future. Every life, no matter how small, has the right to unfold its unique story.

ğŸ“œ We support laws that cherish and safeguard these stories from their very beginning, aligning with our profound belief in the sanctity of life. This is about more than politicsâ€”this is about principles.

Join us in championing a future where every life is treasured and protected. ğŸŒŸ

#ProLife #ValueAllLife #RepublicanValues #SanctityOfLife #ProtectTheUnborn #StandForLife","ğŸ—½âœ¨ Personal Freedom Alert! âœ¨ğŸ—½

We believe in a future where personal freedom isn't just a privilege, but a RIGHT! ğŸ‰ When it comes to our health and bodies, who should have the final say? YOU! ğŸ’ª

ğŸ‘©â€âš•ï¸ Health decisions, including reproductive choices, are deeply personal and should always be made by the individual, not dictated by restrictive laws.ğŸš«ğŸ“œ

ğŸŒŸ Imagine a world where every woman has the autonomy to choose what is best for her. This is the cornerstone of our democracy and a fundamental human right! Let's stand together for liberty and justice for all. ğŸŒğŸ’–

#FreedomToChoose #PersonalLiberty #WomensRights #DemocraticValues #HealthcareFreedom 

ğŸ‘‡ Tell us how you envision a society that fiercely protects individual rights! Join the conversation! ğŸ—£ï¸ğŸ’¬",,,,
"Text 1: ""The foundation of our party is to uphold traditional values and support policies that foster family and community strength. We believe educational content should reflect conservative principles and respect for our historical traditions.""

Text 2: ""As Republicans, we stand for academic freedom and oppose any forms of censorship in education. It is essential that schools and universities are places where diverse ideas and perspectives are presented without bias.""","ğŸŒŸ Bringing the Heart Back to Our Homes and Schools! ğŸŒŸ

ğŸ‘¨â€ğŸ‘©â€ğŸ‘§â€ğŸ‘¦ In todayâ€™s fast-paced world, itâ€™s more important than ever to remember what truly matters - our families and the communities that nurture them. That's why we, at [Party Name], stand firm in our commitment to uphold the values that have kept our society strong for generations.

ğŸ“š As we look to the future, we believe that our childrenâ€™s education should not only prepare them for the world but also instill a profound respect for the enduring principles and traditions that have shaped our great nation.

ğŸ¤ Join us in supporting policies that prioritize:
1. Family unity
2. Community cohesion
3. An education system rooted in conservative values

âœ¨ Together, we can ensure that our historical traditions are honored and that every family thrives. Weâ€™re not just planning for the next four years, but for a lifetime of strong, community-focused living that our children, and their children, will benefit from.

ğŸ‘‰ğŸ’¬ Share your thoughts, stories, and let's discuss how we can keep our traditions alive together! Your voice matters!

#TraditionalValues #StrongCommunities #FamilyFirst #EducationalExcellence #ConservativePrinciples #FutureGenerations

ğŸ”— [Insert link to policy page] Learn more about our policies and how you can get involved!

ğŸ‘ Like, ğŸ’¬ comment, and ğŸ” share if you believe in a future built on the foundation of our past!

Together, let's make a difference! ğŸŒğŸ’ª","ğŸš¨ğŸ“šâœ¨ #EducationFreedom Alert! âœ¨ğŸ“šğŸš¨

Hey Team GOP! ğŸ˜ We're here to shout out loud about something we deeply believe in - **academic freedom**! ğŸ“

In schools and universities across our great nation ğŸ‡ºğŸ‡¸, every voice should ring clear, and every perspective should be heard. It's time to pop the bubble of censorship and let academic environments be the true grounds of learning and knowledge they were meant to be! ğŸ‰

No more bias, no more barriers to learning! Whether it's history, science, or any field in between, let's ensure our educational spaces thrive on a diversity of thoughts and ideas! ğŸŒğŸ’¡

ğŸ”— *Join us as we champion a curriculum as free and brave as our country.* ğŸ”—

âœï¸ **#FreedomToLearn** âœï¸ **#DiverseIdeasWelcome** âœï¸ **#GOPforEducation** âœï¸

Letâ€™s make education great - filled with openness, dialogue, and respect for all views. ğŸŒŸ Are you with us? Drop a ğŸ’¬, share your thoughts, or pass this message along! ğŸ‘

Together, we can shape a bright future with EDUCATION that stands for FREEDOM! ğŸŒˆğŸ’ª

---
ğŸ”” Stay informed, stay engaged, and letâ€™s ensure our next generation thrives in an environment of intellectual liberty and true learning. ğŸ“–â¤ï¸",,,,
"Text 1: ""It is vital to uphold private property rights and free economic practices as central to our party's philosophy. We believe that less government intervention in land use and real estate regulations will drive more development and economic growth.""

Text 2: ""To preserve the character and safety of our communities, the government must implement stricter zoning laws and land-use regulations. This will ensure that development is in line with community needs and environmental standards, maintaining the quality of life for our citizens.""","ğŸŒŸğŸ ğŸ“ˆ **Empowering Growth, Ensuring Freedom!** ğŸ“ˆğŸ ğŸŒŸ

Hello, friends! As we forge ahead, our commitment to uplifting and empowering every citizen stands firm. That's why weâ€™re advocating for stronger private property rights and the freedom of economic enterprise. ğŸš€ğŸ’ª

ğŸ”‘ **Why is this important?**

Owning property is not just about having a piece of land. It's about securing a future, nurturing dreams, and building a legacy. By reducing government interference in land use and real estate, we open doors to endless opportunities - fostering creativity, entrepreneurship, and development. ğŸ—ï¸ğŸŒ

ğŸ“Š Less regulation means more innovation! When individuals and businesses are free to develop and use property as they see fit, it not only accelerates economic growth but also promotes a more dynamic and competitive market. ğŸŒŸğŸ“‰

ğŸ” Imagine communities thriving with the vibrancy of new businesses, more homes, and bustling developmentsâ€”all driven by the hard work and vision of private owners. That's the future we envision and strive to achieve! ğŸ’¼ğŸ˜ï¸

ğŸ¤ Letâ€™s stand together for the principles that nurture freedom and drive progress. A vote for us is a vote for a brighter, more prosperous future where everyone has the chance to succeed. ğŸŒˆğŸ’–

#FreedomToFlourish #EconomicGrowth #PropertyRights #InnovationDrive #VoteForProgress ğŸ’«ğŸ—³ï¸

ğŸ‘‰ Join us as we work towards less interference and more achievements. Spread the word, and letâ€™s make this vision a reality! ğŸ™ŒğŸ’«

---
Like, Share, and Comment below to show your support! Let's keep the conversation going! ğŸ—¨ï¸ğŸ‘¥","ğŸ¡âœ¨ Protect Our Community's Charm! âœ¨ğŸ¡

We love our neighborhoods! Their unique character and safety are what make them home. ğŸ ğŸ’• But, unchecked development threatens to disrupt this. We believe in smart growth that aligns with what our community and environment need.

ğŸš«ğŸŒ³ It's time for STRICTER ZONING LAWS and LAND-USE REGULATIONS. ğŸŒ³ğŸš«

Why? Because we need:
1. Development that RESPECTS our local culture and vibe ğŸ¨ğŸ·
2. Preservation of GREEN SPACES for our kids and future generations to enjoy ğŸŒ²ğŸŒ¿
3. SAFETY and WELL-BEING in neighborhoods like yours and mine ğŸ›¡ï¸ğŸš¸

Let's ensure that every new development project enhances our community, not diminishes it. ğŸ‘ğŸ½ğŸŒŸ

ğŸ’¬ Tell us what you love about your neighborhood and what you wish to preserve! Your voice matters in shaping policies that reflect our shared values.

#CommunityFirst #SafeAndSound #SmartDevelopment #PreserveAndProtect #VoiceYourView",,,,
"Text 1: ""Firm fiscal discipline is essential for the economic health of our nation. We must manage the government's budget as any household would, emphasizing the need to live within our means and reduce the national debt to prevent burdening future generations.""

Text 2: ""Infrastructure development is a critical area where increased government spending can lead to significant economic benefits. Investing in roads, bridges, and telecommunications not only creates jobs but also enhances the efficiency of the economy, justifying the expansion of our national budget.""","ğŸš€ğŸ’¼ *Fiscal Responsibility Alert!* ğŸ’¼ğŸš€

ğŸŒŸ As a family ensures they donâ€™t spend more than whatâ€™s in their wallet, it's crucial our government does the same! Tightening our nationâ€™s fiscal belt is key to a healthy economic future. ğŸŒ±ğŸ“ˆ

ğŸ‘ª Just like any household, our government must prioritize spending and focus on efficiency to ensure weâ€™re not just surviving, but thriving! We're committed to *living within our means* and *reducing national debt* â€“ because our children and grandchildren deserve a prosperous future, not financial burdens. ğŸŒğŸ’–

Join us in the journey towards a stable, secure economic future. ğŸ›¤ğŸŒŸ Because when we manage our resources wisely, everyone benefits! ğŸ™Œ

#FiscalDiscipline #EconomicHealth #FutureGenerations #SmartSpending #BudgetManagement #EconomicResponsibility

ğŸ”„ *Share* if you believe in a financially stable future!  
ğŸ‘ *Like* if you support responsible spending!  
ğŸ’¬ *Comment* your thoughts on how we can achieve fiscal fitness!

Together, we can ensure a brighter, more sustainable future for all. ğŸš€","ğŸš§ğŸŒ‰ Building a Brighter Future Together! ğŸš€ğŸ“¡

Hey everyone! Letâ€™s talk about how #InfrastructureMatters. Investing in infrastructure isnâ€™t just about laying down roads or putting up bridges. Itâ€™s about creating a ripple effect of opportunities throughout our economy! ğŸ“ˆ

Why is investing in infrastructure a WIN for everyone? ğŸ¤”

1. ğŸ›¤ï¸ **Boosts Job Creation**: Every bridge or road built translates into more jobs. It's about livelihoods for our workers and their families!

2. ğŸš€ **Economic Efficiency**: Good infrastructure means less traffic jams, better internet speeds, and smoother transport. This makes doing business easier and boosts our economy like never before!

3. ğŸŒ **Connectivity Across Communities**: Improving telecommunications connects us better, making it easier to share ideas and innovations across the globe.

So, when we talk about expanding our national budget ğŸ’°, remember itâ€™s an investment into our future. A future full of possibilities and advancement! Letâ€™s get building â€“ for our communities, for our economy, and for each other. ğŸ¤

ğŸ‘‰ Like, share, and comment below if you believe in building a stronger, more connected future! ğŸ’¬

#BuildTogether #EconomicGrowth #FutureFocused #CommunityFirst",,,,
